-- phpMyAdmin SQL Dump
-- version 3.5.1
-- http://www.phpmyadmin.net
--
-- Servidor: localhost
-- Tiempo de generación: 27-06-2018 a las 17:36:08
-- Versión del servidor: 5.5.24-log
-- Versión de PHP: 5.4.3

SET SQL_MODE="NO_AUTO_VALUE_ON_ZERO";
SET time_zone = "+00:00";


/*!40101 SET @OLD_CHARACTER_SET_CLIENT=@@CHARACTER_SET_CLIENT */;
/*!40101 SET @OLD_CHARACTER_SET_RESULTS=@@CHARACTER_SET_RESULTS */;
/*!40101 SET @OLD_COLLATION_CONNECTION=@@COLLATION_CONNECTION */;
/*!40101 SET NAMES utf8 */;

--
-- Base de datos: `aventon`
--

-- --------------------------------------------------------

--
-- Estructura de tabla para la tabla `tipovehiculo`
--

CREATE TABLE IF NOT EXISTS `tipovehiculo` (
  `idtipoVehiculo` int(10) unsigned NOT NULL AUTO_INCREMENT,
  `nombreTipo` varchar(45) NOT NULL,
  PRIMARY KEY (`idtipoVehiculo`),
  UNIQUE KEY `idtipoVehiculo_UNIQUE` (`idtipoVehiculo`)
) ENGINE=InnoDB  DEFAULT CHARSET=latin1 AUTO_INCREMENT=9 ;

--
-- Volcado de datos para la tabla `tipovehiculo`
--

INSERT INTO `tipovehiculo` (`idtipoVehiculo`, `nombreTipo`) VALUES
(8, 'Auto');

-- --------------------------------------------------------

--
-- Estructura de tabla para la tabla `usuario`
--

CREATE TABLE IF NOT EXISTS `usuario` (
  `nombre` varchar(40) NOT NULL,
  `apellido` varchar(40) NOT NULL,
  `password` varchar(40) NOT NULL,
  `tarjeta` varchar(30) NOT NULL,
  `email` varchar(30) NOT NULL,
  `nacionalidad` varchar(30) NOT NULL,
  `descripcion` text NOT NULL,
  `fecha_nacimiento` date NOT NULL,
  `id` int(10) unsigned NOT NULL AUTO_INCREMENT,
  `administrador` tinyint(1) NOT NULL DEFAULT '0',
  PRIMARY KEY (`id`)
) ENGINE=InnoDB  DEFAULT CHARSET=latin1 AUTO_INCREMENT=17 ;

--
-- Volcado de datos para la tabla `usuario`
--

INSERT INTO `usuario` (`nombre`, `apellido`, `password`, `tarjeta`, `email`, `nacionalidad`, `descripcion`, `fecha_nacimiento`, `id`, `administrador`) VALUES
('Pedro', 'Dal Bianco', '7110eda4d09e062aa5e4a390b0a572ac0d2c0220', '', 'dalbianco.pedro@gmail.com', 'Argentino', '', '1997-10-10', 14, 0),
('Blas', 'Butera', '7c4a8d09ca3762af61e59520943dc26494f8941b', '', 'blasbutera69@gmail.com', 'Argentino', '', '1996-09-16', 15, 0),
('pablo kepes el tipo del cocomo', 'asd', '85136c79cbf9fe36bb9d05d0639c70c265c18d37', '', 'pablokepes@gmail.com', 'argentino', '', '0001-07-27', 16, 0);

-- --------------------------------------------------------

--
-- Estructura de tabla para la tabla `vehiculo`
--

CREATE TABLE IF NOT EXISTS `vehiculo` (
  `idvehiculo` int(10) unsigned NOT NULL AUTO_INCREMENT,
  `marca` varchar(45) NOT NULL,
  `modelo` varchar(45) NOT NULL,
  `patente` varchar(10) DEFAULT NULL,
  `cantidadAsientos` tinyint(4) NOT NULL,
  `idtipoVehiculo` int(10) unsigned NOT NULL,
  `idusuario` int(10) unsigned NOT NULL,
  PRIMARY KEY (`idvehiculo`),
  UNIQUE KEY `idvehiculo_UNIQUE` (`idvehiculo`),
  KEY `fk_vehiculo_tipoVehiculo1_idx` (`idtipoVehiculo`),
  KEY `fk_vehiculo_usuario1_idx` (`idusuario`)
) ENGINE=InnoDB  DEFAULT CHARSET=latin1 AUTO_INCREMENT=8 ;

--
-- Volcado de datos para la tabla `vehiculo`
--

INSERT INTO `vehiculo` (`idvehiculo`, `marca`, `modelo`, `patente`, `cantidadAsientos`, `idtipoVehiculo`, `idusuario`) VALUES
(6, 'Audi', 'A1', 'ABC-123', 4, 8, 14),
(7, 'Ford', 'K', 'MMLPQTP', 4, 8, 15);

-- --------------------------------------------------------

--
-- Estructura de tabla para la tabla `viaje`
--

CREATE TABLE IF NOT EXISTS `viaje` (
  `idviaje` int(10) unsigned NOT NULL AUTO_INCREMENT,
  `origen` varchar(40) NOT NULL,
  `destino` varchar(40) NOT NULL,
  `precio` float NOT NULL,
  `idvehiculo` int(10) unsigned NOT NULL,
  `horaInicio` time NOT NULL,
  `horaFin` time NOT NULL,
  PRIMARY KEY (`idviaje`),
  UNIQUE KEY `idviaje_UNIQUE` (`idviaje`),
  KEY `idvehiculo` (`idvehiculo`)
) ENGINE=InnoDB  DEFAULT CHARSET=latin1 AUTO_INCREMENT=6 ;

--
-- Volcado de datos para la tabla `viaje`
--

INSERT INTO `viaje` (`idviaje`, `origen`, `destino`, `precio`, `idvehiculo`, `horaInicio`, `horaFin`) VALUES
(4, 'Argentina', 'Rusia', 10000, 7, '03:00:00', '07:30:00'),
(5, 'Tolosa', 'Corea', 2, 7, '01:54:00', '03:54:00');

-- --------------------------------------------------------

--
-- Estructura de tabla para la tabla `viajeconcreto`
--

CREATE TABLE IF NOT EXISTS `viajeconcreto` (
  `idviajeConcreto` int(10) unsigned NOT NULL AUTO_INCREMENT,
  `fechaInicio` date NOT NULL,
  `fechaFin` date NOT NULL,
  `idviaje` int(10) unsigned NOT NULL,
  PRIMARY KEY (`idviajeConcreto`),
  UNIQUE KEY `idviajeConcreto_UNIQUE` (`idviajeConcreto`),
  KEY `fk_viajeConcreto_viaje1_idx` (`idviaje`)
) ENGINE=InnoDB  DEFAULT CHARSET=latin1 AUTO_INCREMENT=441 ;

--
-- Volcado de datos para la tabla `viajeconcreto`
--

INSERT INTO `viajeconcreto` (`idviajeConcreto`, `fechaInicio`, `fechaFin`, `idviaje`) VALUES
(1, '2018-06-30', '2018-06-30', 4),
(2, '2018-07-07', '2018-07-07', 4),
(3, '2018-07-14', '2018-07-14', 4),
(4, '2018-07-21', '2018-07-21', 4),
(5, '2018-07-28', '2018-07-28', 4),
(6, '0001-01-27', '0001-01-27', 5),
(7, '0001-02-03', '0001-02-03', 5),
(8, '0001-02-10', '0001-02-10', 5),
(9, '0001-02-17', '0001-02-17', 5),
(10, '0001-02-24', '0001-02-24', 5),
(11, '0001-03-03', '0001-03-03', 5),
(12, '0001-03-10', '0001-03-10', 5),
(13, '0001-03-17', '0001-03-17', 5),
(14, '0001-03-24', '0001-03-24', 5),
(15, '0001-03-31', '0001-03-31', 5),
(16, '0001-04-07', '0001-04-07', 5),
(17, '0001-04-14', '0001-04-14', 5),
(18, '0001-04-21', '0001-04-21', 5),
(19, '0001-04-28', '0001-04-28', 5),
(20, '0001-05-05', '0001-05-05', 5),
(21, '0001-05-12', '0001-05-12', 5),
(22, '0001-05-19', '0001-05-19', 5),
(23, '0001-05-26', '0001-05-26', 5),
(24, '0001-06-02', '0001-06-02', 5),
(25, '0001-06-09', '0001-06-09', 5),
(26, '0001-06-16', '0001-06-16', 5),
(27, '0001-06-23', '0001-06-23', 5),
(28, '0001-06-30', '0001-06-30', 5),
(29, '0001-07-07', '0001-07-07', 5),
(30, '0001-07-14', '0001-07-14', 5),
(31, '0001-07-21', '0001-07-21', 5),
(32, '0001-07-28', '0001-07-28', 5),
(33, '0001-08-04', '0001-08-04', 5),
(34, '0001-08-11', '0001-08-11', 5),
(35, '0001-08-18', '0001-08-18', 5),
(36, '0001-08-25', '0001-08-25', 5),
(37, '0001-09-01', '0001-09-01', 5),
(38, '0001-09-08', '0001-09-08', 5),
(39, '0001-09-15', '0001-09-15', 5),
(40, '0001-09-22', '0001-09-22', 5),
(41, '0001-09-29', '0001-09-29', 5),
(42, '0001-10-06', '0001-10-06', 5),
(43, '0001-10-13', '0001-10-13', 5),
(44, '0001-10-20', '0001-10-20', 5),
(45, '0001-10-27', '0001-10-27', 5),
(46, '0001-11-03', '0001-11-03', 5),
(47, '0001-11-10', '0001-11-10', 5),
(48, '0001-11-17', '0001-11-17', 5),
(49, '0001-11-24', '0001-11-24', 5),
(50, '0001-12-01', '0001-12-01', 5),
(51, '0001-12-08', '0001-12-08', 5),
(52, '0001-12-15', '0001-12-15', 5),
(53, '0001-12-22', '0001-12-22', 5),
(54, '0001-12-29', '0001-12-29', 5),
(55, '0002-01-05', '0002-01-05', 5),
(56, '0002-01-12', '0002-01-12', 5),
(57, '0002-01-19', '0002-01-19', 5),
(58, '0002-01-26', '0002-01-26', 5),
(59, '0002-02-02', '0002-02-02', 5),
(60, '0002-02-09', '0002-02-09', 5),
(61, '0002-02-16', '0002-02-16', 5),
(62, '0002-02-23', '0002-02-23', 5),
(63, '0002-03-02', '0002-03-02', 5),
(64, '0002-03-09', '0002-03-09', 5),
(65, '0002-03-16', '0002-03-16', 5),
(66, '0002-03-23', '0002-03-23', 5),
(67, '0002-03-30', '0002-03-30', 5),
(68, '0002-04-06', '0002-04-06', 5),
(69, '0002-04-13', '0002-04-13', 5),
(70, '0002-04-20', '0002-04-20', 5),
(71, '0002-04-27', '0002-04-27', 5),
(72, '0002-05-04', '0002-05-04', 5),
(73, '0002-05-11', '0002-05-11', 5),
(74, '0002-05-18', '0002-05-18', 5),
(75, '0002-05-25', '0002-05-25', 5),
(76, '0002-06-01', '0002-06-01', 5),
(77, '0002-06-08', '0002-06-08', 5),
(78, '0002-06-15', '0002-06-15', 5),
(79, '0002-06-22', '0002-06-22', 5),
(80, '0002-06-29', '0002-06-29', 5),
(81, '0002-07-06', '0002-07-06', 5),
(82, '0002-07-13', '0002-07-13', 5),
(83, '0002-07-20', '0002-07-20', 5),
(84, '0002-07-27', '0002-07-27', 5),
(85, '0002-08-03', '0002-08-03', 5),
(86, '0002-08-10', '0002-08-10', 5),
(87, '0002-08-17', '0002-08-17', 5),
(88, '0002-08-24', '0002-08-24', 5),
(89, '0002-08-31', '0002-08-31', 5),
(90, '0002-09-07', '0002-09-07', 5),
(91, '0002-09-14', '0002-09-14', 5),
(92, '0002-09-21', '0002-09-21', 5),
(93, '0002-09-28', '0002-09-28', 5),
(94, '0002-10-05', '0002-10-05', 5),
(95, '0002-10-12', '0002-10-12', 5),
(96, '0002-10-19', '0002-10-19', 5),
(97, '0002-10-26', '0002-10-26', 5),
(98, '0002-11-02', '0002-11-02', 5),
(99, '0002-11-09', '0002-11-09', 5),
(100, '0002-11-16', '0002-11-16', 5),
(101, '0002-11-23', '0002-11-23', 5),
(102, '0002-11-30', '0002-11-30', 5),
(103, '0002-12-07', '0002-12-07', 5),
(104, '0002-12-14', '0002-12-14', 5),
(105, '0002-12-21', '0002-12-21', 5),
(106, '0002-12-28', '0002-12-28', 5),
(107, '0003-01-04', '0003-01-04', 5),
(108, '0003-01-11', '0003-01-11', 5),
(109, '0003-01-18', '0003-01-18', 5),
(110, '0003-01-25', '0003-01-25', 5),
(111, '0003-02-01', '0003-02-01', 5),
(112, '0003-02-08', '0003-02-08', 5),
(113, '0003-02-15', '0003-02-15', 5),
(114, '0003-02-22', '0003-02-22', 5),
(115, '0003-03-01', '0003-03-01', 5),
(116, '0003-03-08', '0003-03-08', 5),
(117, '0003-03-15', '0003-03-15', 5),
(118, '0003-03-22', '0003-03-22', 5),
(119, '0003-03-29', '0003-03-29', 5),
(120, '0003-04-05', '0003-04-05', 5),
(121, '0003-04-12', '0003-04-12', 5),
(122, '0003-04-19', '0003-04-19', 5),
(123, '0003-04-26', '0003-04-26', 5),
(124, '0003-05-03', '0003-05-03', 5),
(125, '0003-05-10', '0003-05-10', 5),
(126, '0003-05-17', '0003-05-17', 5),
(127, '0003-05-24', '0003-05-24', 5),
(128, '0003-05-31', '0003-05-31', 5),
(129, '0003-06-07', '0003-06-07', 5),
(130, '0003-06-14', '0003-06-14', 5),
(131, '0003-06-21', '0003-06-21', 5),
(132, '0003-06-28', '0003-06-28', 5),
(133, '0003-07-05', '0003-07-05', 5),
(134, '0003-07-12', '0003-07-12', 5),
(135, '0003-07-19', '0003-07-19', 5),
(136, '0003-07-26', '0003-07-26', 5),
(137, '0003-08-02', '0003-08-02', 5),
(138, '0003-08-09', '0003-08-09', 5),
(139, '0003-08-16', '0003-08-16', 5),
(140, '0003-08-23', '0003-08-23', 5),
(141, '0003-08-30', '0003-08-30', 5),
(142, '0003-09-06', '0003-09-06', 5),
(143, '0003-09-13', '0003-09-13', 5),
(144, '0003-09-20', '0003-09-20', 5),
(145, '0003-09-27', '0003-09-27', 5),
(146, '0003-10-04', '0003-10-04', 5),
(147, '0003-10-11', '0003-10-11', 5),
(148, '0003-10-18', '0003-10-18', 5),
(149, '0003-10-25', '0003-10-25', 5),
(150, '0003-11-01', '0003-11-01', 5),
(151, '0003-11-08', '0003-11-08', 5),
(152, '0003-11-15', '0003-11-15', 5),
(153, '0003-11-22', '0003-11-22', 5),
(154, '0003-11-29', '0003-11-29', 5),
(155, '0003-12-06', '0003-12-06', 5),
(156, '0003-12-13', '0003-12-13', 5),
(157, '0003-12-20', '0003-12-20', 5),
(158, '0003-12-27', '0003-12-27', 5),
(159, '0004-01-03', '0004-01-03', 5),
(160, '0004-01-10', '0004-01-10', 5),
(161, '0004-01-17', '0004-01-17', 5),
(162, '0004-01-24', '0004-01-24', 5),
(163, '0004-01-31', '0004-01-31', 5),
(164, '0004-02-07', '0004-02-07', 5),
(165, '0004-02-14', '0004-02-14', 5),
(166, '0004-02-21', '0004-02-21', 5),
(167, '0004-02-28', '0004-02-28', 5),
(168, '0004-03-06', '0004-03-06', 5),
(169, '0004-03-13', '0004-03-13', 5),
(170, '0004-03-20', '0004-03-20', 5),
(171, '0004-03-27', '0004-03-27', 5),
(172, '0004-04-03', '0004-04-03', 5),
(173, '0004-04-10', '0004-04-10', 5),
(174, '0004-04-17', '0004-04-17', 5),
(175, '0004-04-24', '0004-04-24', 5),
(176, '0004-05-01', '0004-05-01', 5),
(177, '0004-05-08', '0004-05-08', 5),
(178, '0004-05-15', '0004-05-15', 5),
(179, '0004-05-22', '0004-05-22', 5),
(180, '0004-05-29', '0004-05-29', 5),
(181, '0004-06-05', '0004-06-05', 5),
(182, '0004-06-12', '0004-06-12', 5),
(183, '0004-06-19', '0004-06-19', 5),
(184, '0004-06-26', '0004-06-26', 5),
(185, '0004-07-03', '0004-07-03', 5),
(186, '0004-07-10', '0004-07-10', 5),
(187, '0004-07-17', '0004-07-17', 5),
(188, '0004-07-24', '0004-07-24', 5),
(189, '0004-07-31', '0004-07-31', 5),
(190, '0004-08-07', '0004-08-07', 5),
(191, '0004-08-14', '0004-08-14', 5),
(192, '0004-08-21', '0004-08-21', 5),
(193, '0004-08-28', '0004-08-28', 5),
(194, '0004-09-04', '0004-09-04', 5),
(195, '0004-09-11', '0004-09-11', 5),
(196, '0004-09-18', '0004-09-18', 5),
(197, '0004-09-25', '0004-09-25', 5),
(198, '0004-10-02', '0004-10-02', 5),
(199, '0004-10-09', '0004-10-09', 5),
(200, '0004-10-16', '0004-10-16', 5),
(201, '0004-10-23', '0004-10-23', 5),
(202, '0004-10-30', '0004-10-30', 5),
(203, '0004-11-06', '0004-11-06', 5),
(204, '0004-11-13', '0004-11-13', 5),
(205, '0004-11-20', '0004-11-20', 5),
(206, '0004-11-27', '0004-11-27', 5),
(207, '0004-12-04', '0004-12-04', 5),
(208, '0004-12-11', '0004-12-11', 5),
(209, '0004-12-18', '0004-12-18', 5),
(210, '0004-12-25', '0004-12-25', 5),
(211, '0005-01-01', '0005-01-01', 5),
(212, '0005-01-08', '0005-01-08', 5),
(213, '0005-01-15', '0005-01-15', 5),
(214, '0005-01-22', '0005-01-22', 5),
(215, '0005-01-29', '0005-01-29', 5),
(216, '0005-02-05', '0005-02-05', 5),
(217, '0005-02-12', '0005-02-12', 5),
(218, '0005-02-19', '0005-02-19', 5),
(219, '0005-02-26', '0005-02-26', 5),
(220, '0005-03-05', '0005-03-05', 5),
(221, '0005-03-12', '0005-03-12', 5),
(222, '0005-03-19', '0005-03-19', 5),
(223, '0005-03-26', '0005-03-26', 5),
(224, '0005-04-02', '0005-04-02', 5),
(225, '0005-04-09', '0005-04-09', 5),
(226, '0005-04-16', '0005-04-16', 5),
(227, '0005-04-23', '0005-04-23', 5),
(228, '0005-04-30', '0005-04-30', 5),
(229, '0005-05-07', '0005-05-07', 5),
(230, '0005-05-14', '0005-05-14', 5),
(231, '0005-05-21', '0005-05-21', 5),
(232, '0005-05-28', '0005-05-28', 5),
(233, '0005-06-04', '0005-06-04', 5),
(234, '0005-06-11', '0005-06-11', 5),
(235, '0005-06-18', '0005-06-18', 5),
(236, '0005-06-25', '0005-06-25', 5),
(237, '0005-07-02', '0005-07-02', 5),
(238, '0005-07-09', '0005-07-09', 5),
(239, '0005-07-16', '0005-07-16', 5),
(240, '0005-07-23', '0005-07-23', 5),
(241, '0005-07-30', '0005-07-30', 5),
(242, '0005-08-06', '0005-08-06', 5),
(243, '0005-08-13', '0005-08-13', 5),
(244, '0005-08-20', '0005-08-20', 5),
(245, '0005-08-27', '0005-08-27', 5),
(246, '0005-09-03', '0005-09-03', 5),
(247, '0005-09-10', '0005-09-10', 5),
(248, '0005-09-17', '0005-09-17', 5),
(249, '0005-09-24', '0005-09-24', 5),
(250, '0005-10-01', '0005-10-01', 5),
(251, '0005-10-08', '0005-10-08', 5),
(252, '0005-10-15', '0005-10-15', 5),
(253, '0005-10-22', '0005-10-22', 5),
(254, '0005-10-29', '0005-10-29', 5),
(255, '0005-11-05', '0005-11-05', 5),
(256, '0005-11-12', '0005-11-12', 5),
(257, '0005-11-19', '0005-11-19', 5),
(258, '0005-11-26', '0005-11-26', 5),
(259, '0005-12-03', '0005-12-03', 5),
(260, '0005-12-10', '0005-12-10', 5),
(261, '0005-12-17', '0005-12-17', 5),
(262, '0005-12-24', '0005-12-24', 5),
(263, '0005-12-31', '0005-12-31', 5),
(264, '0006-01-07', '0006-01-07', 5),
(265, '0006-01-14', '0006-01-14', 5),
(266, '0006-01-21', '0006-01-21', 5),
(267, '0006-01-28', '0006-01-28', 5),
(268, '0006-02-04', '0006-02-04', 5),
(269, '0006-02-11', '0006-02-11', 5),
(270, '0006-02-18', '0006-02-18', 5),
(271, '0006-02-25', '0006-02-25', 5),
(272, '0006-03-04', '0006-03-04', 5),
(273, '0006-03-11', '0006-03-11', 5),
(274, '0006-03-18', '0006-03-18', 5),
(275, '0006-03-25', '0006-03-25', 5),
(276, '0006-04-01', '0006-04-01', 5),
(277, '0006-04-08', '0006-04-08', 5),
(278, '0006-04-15', '0006-04-15', 5),
(279, '0006-04-22', '0006-04-22', 5),
(280, '0006-04-29', '0006-04-29', 5),
(281, '0006-05-06', '0006-05-06', 5),
(282, '0006-05-13', '0006-05-13', 5),
(283, '0006-05-20', '0006-05-20', 5),
(284, '0006-05-27', '0006-05-27', 5),
(285, '0006-06-03', '0006-06-03', 5),
(286, '0006-06-10', '0006-06-10', 5),
(287, '0006-06-17', '0006-06-17', 5),
(288, '0006-06-24', '0006-06-24', 5),
(289, '0006-07-01', '0006-07-01', 5),
(290, '0006-07-08', '0006-07-08', 5),
(291, '0006-07-15', '0006-07-15', 5),
(292, '0006-07-22', '0006-07-22', 5),
(293, '0006-07-29', '0006-07-29', 5),
(294, '0006-08-05', '0006-08-05', 5),
(295, '0006-08-12', '0006-08-12', 5),
(296, '0006-08-19', '0006-08-19', 5),
(297, '0006-08-26', '0006-08-26', 5),
(298, '0006-09-02', '0006-09-02', 5),
(299, '0006-09-09', '0006-09-09', 5),
(300, '0006-09-16', '0006-09-16', 5),
(301, '0006-09-23', '0006-09-23', 5),
(302, '0006-09-30', '0006-09-30', 5),
(303, '0006-10-07', '0006-10-07', 5),
(304, '0006-10-14', '0006-10-14', 5),
(305, '0006-10-21', '0006-10-21', 5),
(306, '0006-10-28', '0006-10-28', 5),
(307, '0006-11-04', '0006-11-04', 5),
(308, '0006-11-11', '0006-11-11', 5),
(309, '0006-11-18', '0006-11-18', 5),
(310, '0006-11-25', '0006-11-25', 5),
(311, '0006-12-02', '0006-12-02', 5),
(312, '0006-12-09', '0006-12-09', 5),
(313, '0006-12-16', '0006-12-16', 5),
(314, '0006-12-23', '0006-12-23', 5),
(315, '0006-12-30', '0006-12-30', 5),
(316, '0007-01-06', '0007-01-06', 5),
(317, '0007-01-13', '0007-01-13', 5),
(318, '0007-01-20', '0007-01-20', 5),
(319, '0007-01-27', '0007-01-27', 5),
(320, '0007-02-03', '0007-02-03', 5),
(321, '0007-02-10', '0007-02-10', 5),
(322, '0007-02-17', '0007-02-17', 5),
(323, '0007-02-24', '0007-02-24', 5),
(324, '0007-03-03', '0007-03-03', 5),
(325, '0007-03-10', '0007-03-10', 5),
(326, '0007-03-17', '0007-03-17', 5),
(327, '0007-03-24', '0007-03-24', 5),
(328, '0007-03-31', '0007-03-31', 5),
(329, '0007-04-07', '0007-04-07', 5),
(330, '0007-04-14', '0007-04-14', 5),
(331, '0007-04-21', '0007-04-21', 5),
(332, '0007-04-28', '0007-04-28', 5),
(333, '0007-05-05', '0007-05-05', 5),
(334, '0007-05-12', '0007-05-12', 5),
(335, '0007-05-19', '0007-05-19', 5),
(336, '0007-05-26', '0007-05-26', 5),
(337, '0007-06-02', '0007-06-02', 5),
(338, '0007-06-09', '0007-06-09', 5),
(339, '0007-06-16', '0007-06-16', 5),
(340, '0007-06-23', '0007-06-23', 5),
(341, '0007-06-30', '0007-06-30', 5),
(342, '0007-07-07', '0007-07-07', 5),
(343, '0007-07-14', '0007-07-14', 5),
(344, '0007-07-21', '0007-07-21', 5),
(345, '0007-07-28', '0007-07-28', 5),
(346, '0007-08-04', '0007-08-04', 5),
(347, '0007-08-11', '0007-08-11', 5),
(348, '0007-08-18', '0007-08-18', 5),
(349, '0007-08-25', '0007-08-25', 5),
(350, '0007-09-01', '0007-09-01', 5),
(351, '0007-09-08', '0007-09-08', 5),
(352, '0007-09-15', '0007-09-15', 5),
(353, '0007-09-22', '0007-09-22', 5),
(354, '0007-09-29', '0007-09-29', 5),
(355, '0007-10-06', '0007-10-06', 5),
(356, '0007-10-13', '0007-10-13', 5),
(357, '0007-10-20', '0007-10-20', 5),
(358, '0007-10-27', '0007-10-27', 5),
(359, '0007-11-03', '0007-11-03', 5),
(360, '0007-11-10', '0007-11-10', 5),
(361, '0007-11-17', '0007-11-17', 5),
(362, '0007-11-24', '0007-11-24', 5),
(363, '0007-12-01', '0007-12-01', 5),
(364, '0007-12-08', '0007-12-08', 5),
(365, '0007-12-15', '0007-12-15', 5),
(366, '0007-12-22', '0007-12-22', 5),
(367, '0007-12-29', '0007-12-29', 5),
(368, '0008-01-05', '0008-01-05', 5),
(369, '0008-01-12', '0008-01-12', 5),
(370, '0008-01-19', '0008-01-19', 5),
(371, '0008-01-26', '0008-01-26', 5),
(372, '0008-02-02', '0008-02-02', 5),
(373, '0008-02-09', '0008-02-09', 5),
(374, '0008-02-16', '0008-02-16', 5),
(375, '0008-02-23', '0008-02-23', 5),
(376, '0008-03-01', '0008-03-01', 5),
(377, '0008-03-08', '0008-03-08', 5),
(378, '0008-03-15', '0008-03-15', 5),
(379, '0008-03-22', '0008-03-22', 5),
(380, '0008-03-29', '0008-03-29', 5),
(381, '0008-04-05', '0008-04-05', 5),
(382, '0008-04-12', '0008-04-12', 5),
(383, '0008-04-19', '0008-04-19', 5),
(384, '0008-04-26', '0008-04-26', 5),
(385, '0008-05-03', '0008-05-03', 5),
(386, '0008-05-10', '0008-05-10', 5),
(387, '0008-05-17', '0008-05-17', 5),
(388, '0008-05-24', '0008-05-24', 5),
(389, '0008-05-31', '0008-05-31', 5),
(390, '0008-06-07', '0008-06-07', 5),
(391, '0008-06-14', '0008-06-14', 5),
(392, '0008-06-21', '0008-06-21', 5),
(393, '0008-06-28', '0008-06-28', 5),
(394, '0008-07-05', '0008-07-05', 5),
(395, '0008-07-12', '0008-07-12', 5),
(396, '0008-07-19', '0008-07-19', 5),
(397, '0008-07-26', '0008-07-26', 5),
(398, '0008-08-02', '0008-08-02', 5),
(399, '0008-08-09', '0008-08-09', 5),
(400, '0008-08-16', '0008-08-16', 5),
(401, '0008-08-23', '0008-08-23', 5),
(402, '0008-08-30', '0008-08-30', 5),
(403, '0008-09-06', '0008-09-06', 5),
(404, '0008-09-13', '0008-09-13', 5),
(405, '0008-09-20', '0008-09-20', 5),
(406, '0008-09-27', '0008-09-27', 5),
(407, '0008-10-04', '0008-10-04', 5),
(408, '0008-10-11', '0008-10-11', 5),
(409, '0008-10-18', '0008-10-18', 5),
(410, '0008-10-25', '0008-10-25', 5),
(411, '0008-11-01', '0008-11-01', 5),
(412, '0008-11-08', '0008-11-08', 5),
(413, '0008-11-15', '0008-11-15', 5),
(414, '0008-11-22', '0008-11-22', 5),
(415, '0008-11-29', '0008-11-29', 5),
(416, '0008-12-06', '0008-12-06', 5),
(417, '0008-12-13', '0008-12-13', 5),
(418, '0008-12-20', '0008-12-20', 5),
(419, '0008-12-27', '0008-12-27', 5),
(420, '0009-01-03', '0009-01-03', 5),
(421, '0009-01-10', '0009-01-10', 5),
(422, '0009-01-17', '0009-01-17', 5),
(423, '0009-01-24', '0009-01-24', 5),
(424, '0009-01-31', '0009-01-31', 5),
(425, '0009-02-07', '0009-02-07', 5),
(426, '0009-02-14', '0009-02-14', 5),
(427, '0009-02-21', '0009-02-21', 5),
(428, '0009-02-28', '0009-02-28', 5),
(429, '0009-03-07', '0009-03-07', 5),
(430, '0009-03-14', '0009-03-14', 5),
(431, '0009-03-21', '0009-03-21', 5),
(432, '0009-03-28', '0009-03-28', 5),
(433, '0009-04-04', '0009-04-04', 5),
(434, '0009-04-11', '0009-04-11', 5),
(435, '0009-04-18', '0009-04-18', 5),
(436, '0009-04-25', '0009-04-25', 5),
(437, '0009-05-02', '0009-05-02', 5),
(438, '0009-05-09', '0009-05-09', 5),
(439, '0009-05-16', '0009-05-16', 5),
(440, '0009-05-23', '0009-05-23', 5);

--
-- Restricciones para tablas volcadas
--

--
-- Filtros para la tabla `vehiculo`
--
ALTER TABLE `vehiculo`
  ADD CONSTRAINT `fk_vehiculo_tipoVehiculo1` FOREIGN KEY (`idtipoVehiculo`) REFERENCES `tipovehiculo` (`idtipoVehiculo`) ON DELETE NO ACTION ON UPDATE NO ACTION,
  ADD CONSTRAINT `fk_vehiculo_usuario1` FOREIGN KEY (`idusuario`) REFERENCES `usuario` (`id`) ON DELETE NO ACTION ON UPDATE NO ACTION;

--
-- Filtros para la tabla `viaje`
--
ALTER TABLE `viaje`
  ADD CONSTRAINT `viaje_ibfk_1` FOREIGN KEY (`idvehiculo`) REFERENCES `vehiculo` (`idvehiculo`);

--
-- Filtros para la tabla `viajeconcreto`
--
ALTER TABLE `viajeconcreto`
  ADD CONSTRAINT `fk_viajeConcreto_viaje1` FOREIGN KEY (`idviaje`) REFERENCES `viaje` (`idviaje`) ON DELETE NO ACTION ON UPDATE NO ACTION;

/*!40101 SET CHARACTER_SET_CLIENT=@OLD_CHARACTER_SET_CLIENT */;
/*!40101 SET CHARACTER_SET_RESULTS=@OLD_CHARACTER_SET_RESULTS */;
/*!40101 SET COLLATION_CONNECTION=@OLD_COLLATION_CONNECTION */;
